"","state","st_fips","district","cd_fips","st_cd_fips","cpvi","incumbent","cand"
"1","Alabama","01","1","01","0101","R+16",1,"Jerry Carl"
"2","Alabama","01","1","01","0101","R+16",0,"Alexander Remrey"
"3","Alabama","01","2","02","0102","R+17",0,"Phyllis Harvey-Hall"
"4","Alabama","01","2","02","0102","R+17",1,"Barry Moore"
"5","Alabama","01","2","02","0102","R+17",0,"Jonathan Realz"
"6","Alabama","01","3","03","0103","R+19",0,"Douglas Bell"
"7","Alabama","01","3","03","0103","R+19",0,"Thomas Casson"
"8","Alabama","01","3","03","0103","R+19",1,"Mike Rogers"
"9","Alabama","01","3","03","0103","R+19",0,"Lin Veasey"
"10","Alabama","01","4","04","0104","R+33",1,"Robert Aderholt"
"11","Alabama","01","4","04","0104","R+33",0,"Johnny Cochran"
"12","Alabama","01","4","04","0104","R+33",0,"Rick Neighbors"
"13","Alabama","01","5","05","0105","R+17",0,"P. J. Greer"
"14","Alabama","01","5","05","0105","R+17",0,"Dale Strong"
"15","Alabama","01","5","05","0105","R+17",0,"Kathy Warner-Stanton"
"16","Alabama","01","6","06","0106","R+18",0,"Andria Chieffo"
"17","Alabama","01","6","06","0106","R+18",1,"Gary Palmer"
"18","Alabama","01","7","07","0107","D+14",0,"Gavin Goodman"
"19","Alabama","01","7","07","0107","D+14",0,"Beatrice Nichols"
"20","Alabama","01","7","07","0107","D+14",1,"Terri Sewell"
"21","Alaska","02","AL","AL","02AL","R+8",0,"Nick Begich III"
"22","Alaska","02","AL","AL","02AL","R+8",0,"Chris Bye"
"23","Alaska","02","AL","AL","02AL","R+8",0,"Sarah Palin"
"24","Alaska","02","AL","AL","02AL","R+8",1,"Mary Peltola"
"25","Arizona","04","1","01","0401","R+2",0,"Jevin Hodge"
"26","Arizona","04","1","01","0401","R+2",0,"David Schweikert"
"27","Arizona","04","2","02","0402","R+6",0,"Eli Crane"
"28","Arizona","04","2","02","0402","R+6",0,"Tom O'Halleran"
"29","Arizona","04","3","03","0403","D+24",0,"Ruben Gallego"
"30","Arizona","04","3","03","0403","D+24",0,"Jeff Zink"
"31","Arizona","04","4","04","0404","D+2",0,"Kelly Cooper"
"32","Arizona","04","4","04","0404","D+2",0,"Greg Stanton"
"33","Arizona","04","5","05","0405","R+11",1,"Andy Biggs"
"34","Arizona","04","5","05","0405","R+11",0,"Javier Ramos"
"35","Arizona","04","5","05","0405","R+11",0,"Clint Smith"
"36","Arizona","04","6","06","0406","R+3",0,"Juan Ciscomani"
"37","Arizona","04","6","06","0406","R+3",0,"Kirsten Engel"
"38","Arizona","04","7","07","0407","D+15",0,"Raúl Grijalva"
"39","Arizona","04","7","07","0407","D+15",0,"Luis Pozzolo"
"40","Arizona","04","8","08","0408","R+10",1,"Debbie Lesko"
"41","Arizona","04","9","09","0409","R+16",0,"Paul Gosar"
"42","Arkansas","05","1","01","0501","R+22",1,"Rick Crawford"
"43","Arkansas","05","1","01","0501","R+22",0,"Roger Daugherty"
"44","Arkansas","05","1","01","0501","R+22",0,"Monte Hodges"
"45","Arkansas","05","2","02","0502","R+9",0,"Quintessa Hathaway"
"46","Arkansas","05","2","02","0502","R+9",1,"French Hill"
"47","Arkansas","05","2","02","0502","R+9",0,"Michael White"
"48","Arkansas","05","3","03","0503","R+15",0,"Michael Kalagias"
"49","Arkansas","05","3","03","0503","R+15",0,"Lauren Mallett-Hays"
"50","Arkansas","05","3","03","0503","R+15",1,"Steve Womack"
"51","Arkansas","05","4","04","0504","R+20",0,"Gregory Maxwell"
"52","Arkansas","05","4","04","0504","R+20",1,"Bruce Westerman"
"53","Arkansas","05","4","04","0504","R+20",0,"John White"
"54","California","06","1","01","0601","R+12",1,"Doug LaMalfa"
"55","California","06","1","01","0601","R+12",0,"Max Steiner"
"56","California","06","2","02","0602","D+23",0,"Douglas Brower"
"57","California","06","2","02","0602","D+23",1,"Jared Huffman"
"58","California","06","3","03","0603","R+4",0,"Kermit Jones"
"59","California","06","3","03","0603","R+4",0,"Kevin Kiley"
"60","California","06","4","04","0604","D+17",0,"Matt Brock"
"61","California","06","4","04","0604","D+17",0,"Mike Thompson"
"62","California","06","5","05","0605","R+9",0,"Mike Barkley"
"63","California","06","5","05","0605","R+9",0,"Tom McClintock"
"64","California","06","6","06","0606","D+7",0,"Ami Bera"
"65","California","06","6","06","0606","D+7",0,"Tamika Hamilton"
"66","California","06","7","07","0607","D+17",0,"Doris Matsui"
"67","California","06","7","07","0607","D+17",0,"Max Semenenko"
"68","California","06","8","08","0608","D+26",0,"John Garamendi"
"69","California","06","8","08","0608","D+26",0,"Rudy Recile"
"70","California","06","9","09","0609","D+5",0,"Josh Harder"
"71","California","06","9","09","0609","D+5",0,"Tom Patti"
"72","California","06","9","09","0609","D+5",0,"Josh Harder"
"73","California","06","9","09","0609","D+5",0,"Tom Patti"
"74","California","06","10","10","0610","D+18",0,"Mark DeSaulnier"
"75","California","06","10","10","0610","D+18",0,"Michael Kerr"
"76","California","06","11","11","0611","D+37",0,"John Dennis"
"77","California","06","11","11","0611","D+37",0,"Nancy Pelosi"
"78","California","06","12","12","0612","D+40",0,"Barbara Lee"
"79","California","06","12","12","0612","D+40",0,"Stephen Slauson"
"80","California","06","13","13","0613","D+4",0,"John Duarte"
"81","California","06","13","13","0613","D+4",0,"Adam Gray"
"82","California","06","14","14","0614","D+22",0,"Alison Hayden"
"83","California","06","14","14","0614","D+22",0,"Eric Swalwell"
"84","California","06","15","15","0615","D+28",0,"David Canepa"
"85","California","06","15","15","0615","D+28",0,"Kevin Mullin"
"86","California","06","16","16","0616","D+26",0,"Anna Eshoo"
"87","California","06","16","16","0616","D+26",0,"Rishi Kumar"
"88","California","06","17","17","0617","D+23",1,"Ro Khanna"
"89","California","06","17","17","0617","D+23",0,"Ritesh Tandon"
"90","California","06","18","18","0618","D+21",0,"Peter Hernandez"
"91","California","06","18","18","0618","D+21",0,"Zoe Lofgren"
"92","California","06","19","19","0619","D+18",0,"Jeff Gorman"
"93","California","06","19","19","0619","D+18",0,"Jimmy Panetta"
"94","California","06","20","20","0620","R+16",0,"Kevin McCarthy"
"95","California","06","20","20","0620","R+16",0,"Marisa Wood"
"96","California","06","20","20","0620","R+16",0,"Kevin McCarthy"
"97","California","06","20","20","0620","R+16",0,"Marisa Wood"
"98","California","06","21","21","0621","D+9",0,"Jim Costa"
"99","California","06","21","21","0621","D+9",0,"Michael Maher"
"100","California","06","22","22","0622","D+5",0,"Rudy Salas"
"101","California","06","22","22","0622","D+5",0,"David Valadao"
"102","California","06","23","23","0623","R+8",0,"Derek Marshall"
"103","California","06","23","23","0623","R+8",0,"Jay Obernolte"
"104","California","06","24","24","0624","D+13",0,"Brad Allen"
"105","California","06","24","24","0624","D+13",1,"Salud Carbajal"
"106","California","06","25","25","0625","D+6",0,"Brian Hawkins"
"107","California","06","25","25","0625","D+6",0,"Raul Ruiz"
"108","California","06","26","26","0626","D+8",1,"Julia Brownley"
"109","California","06","26","26","0626","D+8",0,"Matt Jacobs"
"110","California","06","27","27","0627","D+4",0,"Mike Garcia"
"111","California","06","27","27","0627","D+4",0,"Christy Smith"
"112","California","06","28","28","0628","D+16",0,"Judy Chu"
"113","California","06","28","28","0628","D+16",0,"Wes Hallman"
"114","California","06","29","29","0629","D+26",1,"Tony Cárdenas"
"115","California","06","29","29","0629","D+26",0,"Angelica Dueñas"
"116","California","06","30","30","0630","D+23",0,"Maebe A. Girl"
"117","California","06","30","30","0630","D+23",0,"Adam Schiff"
"118","California","06","31","31","0631","D+15",0,"Daniel Martinez"
"119","California","06","31","31","0631","D+15",0,"Grace Napolitano"
"120","California","06","32","32","0632","D+20",0,"Brad Sherman"
"121","California","06","32","32","0632","D+20",0,"Lucie Volotzky"
"122","California","06","33","33","0633","D+12",0,"Pete Aguilar"
"123","California","06","33","33","0633","D+12",0,"John Porter"
"124","California","06","34","34","0634","D+32",1,"Jimmy Gomez"
"125","California","06","34","34","0634","D+32",0,"David Kim"
"126","California","06","35","35","0635","D+13",0,"Mike Cargile"
"127","California","06","35","35","0635","D+13",1,"Norma Torres"
"128","California","06","36","36","0636","D+21",0,"Joe Collins III"
"129","California","06","36","36","0636","D+21",0,"Ted Lieu"
"130","California","06","37","37","0637","D+37",0,"Sydney Kamlager"
"131","California","06","37","37","0637","D+37",0,"Jan Perry"
"132","California","06","38","38","0638","D+14",0,"Eric Ching"
"133","California","06","38","38","0638","D+14",1,"Linda Sánchez"
"134","California","06","39","39","0639","D+12",0,"Aja Smith"
"135","California","06","39","39","0639","D+12",0,"Mark Takano"
"136","California","06","40","40","0640","R+2",0,"Young Kim"
"137","California","06","40","40","0640","R+2",0,"Asif Mahmood"
"138","California","06","41","41","0641","R+3",0,"Ken Calvert"
"139","California","06","41","41","0641","R+3",0,"Will Rollins"
"140","California","06","42","42","0642","D+22",0,"John Briscoe"
"141","California","06","42","42","0642","D+22",0,"Robert Garcia"
"142","California","06","42","42","0642","D+22",0,"John Briscoe"
"143","California","06","42","42","0642","D+22",0,"Robert Garcia"
"144","California","06","43","43","0643","D+32",0,"Omar Navarro"
"145","California","06","43","43","0643","D+32",1,"Maxine Waters"
"146","California","06","44","44","0644","D+24",1,"Nanette Barragán"
"147","California","06","44","44","0644","D+24",0,"Paul Jones"
"148","California","06","45","45","0645","D+2",0,"Jay Chen"
"149","California","06","45","45","0645","D+2",0,"Michelle Steel"
"150","California","06","46","46","0646","D+15",1,"Lou Correa"
"151","California","06","46","46","0646","D+15",0,"Christopher Gonzales"
"152","California","06","47","47","0647","D+3",0,"Scott Baugh"
"153","California","06","47","47","0647","D+3",0,"Katie Porter"
"154","California","06","48","48","0648","R+9",0,"Stephen Houlahan"
"155","California","06","48","48","0648","R+9",0,"Darrell Issa"
"156","California","06","49","49","0649","D+3",1,"Mike Levin"
"157","California","06","49","49","0649","D+3",0,"Brian Maryott"
"158","California","06","50","50","0650","D+14",0,"Corey Gustafson"
"159","California","06","50","50","0650","D+14",0,"Scott Peters"
"160","California","06","51","51","0651","D+12",0,"Stan Caplan"
"161","California","06","51","51","0651","D+12",0,"Sara Jacobs"
"162","California","06","52","52","0652","D+18",0,"Tyler Geffeney"
"163","California","06","52","52","0652","D+18",0,"Juan Vargas"
"164","Colorado","08","1","01","0801","D+29",1,"Diana DeGette"
"165","Colorado","08","1","01","0801","D+29",0,"John Kittleson"
"166","Colorado","08","1","01","0801","D+29",0,"Jennifer Qualteri"
"167","Colorado","08","2","02","0802","D+17",0,"Marshall Dawson"
"168","Colorado","08","2","02","0802","D+17",0,"Gary Nation"
"169","Colorado","08","2","02","0802","D+17",1,"Joe Neguse"
"170","Colorado","08","2","02","0802","D+17",0,"Tim Wolf"
"171","Colorado","08","2","02","0802","D+17",0,"Steve Yurash"
"172","Colorado","08","3","03","0803","R+7",1,"Lauren Boebert"
"173","Colorado","08","3","03","0803","R+7",0,"Adam Frisch"
"174","Colorado","08","4","04","0804","R+13",1,"Ken Buck"
"175","Colorado","08","4","04","0804","R+13",0,"Ike McCorkle"
"176","Colorado","08","4","04","0804","R+13",0,"Ryan McGonigal"
"177","Colorado","08","5","05","0805","R+9",0,"Brian Flanagan"
"178","Colorado","08","5","05","0805","R+9",1,"Doug Lamborn"
"179","Colorado","08","5","05","0805","R+9",0,"Christopher Mitchell"
"180","Colorado","08","5","05","0805","R+9",0,"David Torres"
"181","Colorado","08","6","06","0806","D+9",1,"Jason Crow"
"182","Colorado","08","6","06","0806","D+9",0,"Steven Monahan"
"183","Colorado","08","6","06","0806","D+9",0,"Eric Mulder"
"184","Colorado","08","7","07","0807","D+4",0,"Erik Aadland"
"185","Colorado","08","7","07","0807","D+4",0,"Ross Klopf"
"186","Colorado","08","7","07","0807","D+4",0,"Critter Milton"
"187","Colorado","08","7","07","0807","D+4",0,"Brittany Pettersen"
"188","Colorado","08","8","08","0808","EVEN",0,"Yadira Caraveo"
"189","Colorado","08","8","08","0808","EVEN",0,"Barbara Kirkmeyer"
"190","Colorado","08","8","08","0808","EVEN",0,"Richard Ward"
"191","Connecticut","09","1","01","0901","D+12",1,"John B. Larson"
"192","Connecticut","09","1","01","0901","D+12",0,"Larry Lazor"
"193","Connecticut","09","2","02","0902","D+3",1,"Joe Courtney"
"194","Connecticut","09","2","02","0902","D+3",0,"Mike France"
"195","Connecticut","09","3","03","0903","D+7",0,"Amy Chai"
"196","Connecticut","09","3","03","0903","D+7",1,"Rosa DeLauro"
"197","Connecticut","09","3","03","0903","D+7",0,"Lesley DeNardis"
"198","Connecticut","09","3","03","0903","D+7",0,"Justin Paglino"
"199","Connecticut","09","4","04","0904","D+13",1,"Jim Himes"
"200","Connecticut","09","4","04","0904","D+13",0,"Jayme Stevenson"
"201","Connecticut","09","5","05","0905","D+3",1,"Jahana Hayes"
"202","Connecticut","09","5","05","0905","D+3",0,"George Logan"
"203","Delaware","10","AL","AL","10AL","D+7",1,"Lisa Blunt Rochester"
"204","Delaware","10","AL","AL","10AL","D+7",0,"Cody McNutt"
"205","Delaware","10","AL","AL","10AL","D+7",0,"Lee Murphy"
"206","Delaware","10","AL","AL","10AL","D+7",0,"David Rogers"
"207","Florida","12","1","01","1201","R+19",1,"Matt Gaetz"
"208","Florida","12","1","01","1201","R+19",0,"Rebekah Jones"
"209","Florida","12","2","02","1202","R+8",1,"Neal Dunn"
"210","Florida","12","2","02","1202","R+8",0,"Al Lawson"
"211","Florida","12","2","02","1202","R+8",0,"Neal Dunn"
"212","Florida","12","2","02","1202","R+8",0,"Al Lawson"
"213","Florida","12","3","03","1203","R+9",0,"Linda Brooks"
"214","Florida","12","3","03","1203","R+9",1,"Kat Cammack"
"215","Florida","12","3","03","1203","R+9",0,"Danielle Hawk"
"216","Florida","12","4","04","1204","R+6",0,"Aaron Bean"
"217","Florida","12","4","04","1204","R+6",0,"LaShonda Holloway"
"218","Florida","12","5","05","1205","R+11",0,"John Rutherford"
"219","Florida","12","6","06","1206","R+14",0,"Joe Hannoush"
"220","Florida","12","6","06","1206","R+14",1,"Michael Waltz"
"221","Florida","12","7","07","1207","R+5",0,"Karen Green"
"222","Florida","12","7","07","1207","R+5",0,"Cory Mills"
"223","Florida","12","8","08","1208","R+11",1,"Bill Posey"
"224","Florida","12","8","08","1208","R+11",0,"Joanne Terry"
"225","Florida","12","9","09","1209","D+8",0,"Scotty Moore"
"226","Florida","12","9","09","1209","D+8",1,"Darren Soto"
"227","Florida","12","10","10","1210","D+14",0,"Maxwell Frost"
"228","Florida","12","10","10","1210","D+14",0,"Jason Holic"
"229","Florida","12","10","10","1210","D+14",0,"Usha Jain"
"230","Florida","12","10","10","1210","D+14",0,"Calvin Wimbish"
"231","Florida","12","11","11","1211","R+8",0,"Shante Munns"
"232","Florida","12","11","11","1211","R+8",0,"Kevin Porter"
"233","Florida","12","11","11","1211","R+8",1,"Daniel Webster"
"234","Florida","12","12","12","1212","R+17",1,"Gus Bilirakis"
"235","Florida","12","12","12","1212","R+17",0,"Kimberly Walker"
"236","Florida","12","13","13","1213","R+6",0,"Frank Craft"
"237","Florida","12","13","13","1213","R+6",0,"Anna Paulina Luna"
"238","Florida","12","13","13","1213","R+6",0,"Eric Lynn"
"239","Florida","12","14","14","1214","D+8",1,"Kathy Castor"
"240","Florida","12","14","14","1214","D+8",0,"James Judge"
"241","Florida","12","15","15","1215","R+4",0,"Alan Cohn"
"242","Florida","12","15","15","1215","R+4",0,"Laurel Lee"
"243","Florida","12","16","16","1216","R+7",1,"Vern Buchanan"
"244","Florida","12","16","16","1216","R+7",0,"Jan Schneider"
"245","Florida","12","17","17","1217","R+10",0,"Andrea Kale"
"246","Florida","12","17","17","1217","R+10",0,"Theodore Murray"
"247","Florida","12","17","17","1217","R+10",1,"Greg Steube"
"248","Florida","12","18","18","1218","R+13",0,"Scott Franklin"
"249","Florida","12","18","18","1218","R+13",0,"Keith Hayden"
"250","Florida","12","19","19","1219","R+13",0,"Cindy Banyai"
"251","Florida","12","19","19","1219","R+13",1,"Byron Donalds"
"252","Florida","12","20","20","1220","D+25",1,"Sheila Cherfilus-McCormick"
"253","Florida","12","20","20","1220","D+25",0,"Drew Montez Clark"
"254","Florida","12","21","21","1221","R+7",0,"Corinna Balderramos Robinson"
"255","Florida","12","21","21","1221","R+7",0,"Brian Mast"
"256","Florida","12","22","22","1222","D+7",0,"Lois Frankel"
"257","Florida","12","22","22","1222","D+7",0,"Daniel Franzese"
"258","Florida","12","23","23","1223","D+5",0,"Joe Budd"
"259","Florida","12","23","23","1223","D+5",0,"Jared Moskowitz"
"260","Florida","12","23","23","1223","D+5",0,"Mark Napier"
"261","Florida","12","23","23","1223","D+5",0,"Christine Scott"
"262","Florida","12","24","24","1224","D+25",0,"Jesus Navarro"
"263","Florida","12","24","24","1224","D+25",1,"Frederica Wilson"
"264","Florida","12","25","25","1225","D+9",0,"Carla Spalding"
"265","Florida","12","25","25","1225","D+9",0,"Debbie Wasserman Schultz"
"266","Florida","12","26","26","1226","R+8",0,"Mario Díaz-Balart"
"267","Florida","12","26","26","1226","R+8",0,"Christine Olivo"
"268","Florida","12","27","27","1227","EVEN",1,"María Elvira Salazar"
"269","Florida","12","27","27","1227","EVEN",0,"Annette Taddeo"
"270","Florida","12","28","28","1228","R+2",0,"Robert Asencio"
"271","Florida","12","28","28","1228","R+2",0,"Carlos A. Giménez"
"272","Georgia","13","1","01","1301","R+9",1,"Buddy Carter"
"273","Georgia","13","1","01","1301","R+9",0,"Wade Herring"
"274","Georgia","13","2","02","1302","D+3",1,"Sanford Bishop"
"275","Georgia","13","2","02","1302","D+3",0,"Chris West"
"276","Georgia","13","3","03","1303","R+18",0,"Val Almonord"
"277","Georgia","13","3","03","1303","R+18",1,"Drew Ferguson"
"278","Georgia","13","4","04","1304","D+27",0,"Jonathan Chavez"
"279","Georgia","13","4","04","1304","D+27",1,"Hank Johnson"
"280","Georgia","13","5","05","1305","D+32",1,"Nikema Williams"
"281","Georgia","13","5","05","1305","D+32",0,"Christian Zimm"
"282","Georgia","13","6","06","1306","R+11",0,"Bob Christian"
"283","Georgia","13","6","06","1306","R+11",0,"Rich McCormick"
"284","Georgia","13","7","07","1307","D+10",0,"Mark Gonsalves"
"285","Georgia","13","7","07","1307","D+10",0,"Lucy McBath"
"286","Georgia","13","7","07","1307","D+10",0,"Mark Gonsalves"
"287","Georgia","13","7","07","1307","D+10",0,"Lucy McBath"
"288","Georgia","13","8","08","1308","R+16",0,"Darrius Butler"
"289","Georgia","13","8","08","1308","R+16",1,"Austin Scott"
"290","Georgia","13","9","09","1309","R+22",1,"Andrew Clyde"
"291","Georgia","13","9","09","1309","R+22",0,"Mike Ford"
"292","Georgia","13","10","10","1310","R+15",0,"Mike Collins"
"293","Georgia","13","10","10","1310","R+15",0,"Tabitha Johnson-Green"
"294","Georgia","13","11","11","1311","R+11",0,"Antonio Daza-Fernandez"
"295","Georgia","13","11","11","1311","R+11",1,"Barry Loudermilk"
"296","Georgia","13","12","12","1312","R+8",1,"Rick W. Allen"
"297","Georgia","13","12","12","1312","R+8",0,"Liz Johnson"
"298","Georgia","13","13","13","1313","D+28",0,"Caesar Gonzales"
"299","Georgia","13","13","13","1313","D+28",1,"David Scott"
"300","Georgia","13","14","14","1314","R+22",0,"Marcus Flowers"
"301","Georgia","13","14","14","1314","R+22",1,"Marjorie Taylor Greene"
"302","Hawaii","15","1","01","1501","D+14",1,"Ed Case"
"303","Hawaii","15","1","01","1501","D+14",0,"Conrad Kress"
"304","Hawaii","15","2","02","1502","D+14",0,"Joe Akana"
"305","Hawaii","15","2","02","1502","D+14",0,"Michelle Tippens"
"306","Hawaii","15","2","02","1502","D+14",0,"Jill Tokuda"
"307","Idaho","16","1","01","1601","R+22",0,"Darian Drake"
"308","Idaho","16","1","01","1601","R+22",1,"Russ Fulcher"
"309","Idaho","16","1","01","1601","R+22",0,"Kaylee Peterson"
"310","Idaho","16","2","02","1602","R+14",0,"Wendy Norman"
"311","Idaho","16","2","02","1602","R+14",1,"Mike Simpson"
"312","Illinois","17","1","01","1701","D+20",0,"Eric Carlson"
"313","Illinois","17","1","01","1701","D+20",0,"Jonathan Jackson"
"314","Illinois","17","1","01","1701","D+20",0,"Babette Peyton"
"315","Illinois","17","2","02","1702","D+19",1,"Robin Kelly"
"316","Illinois","17","2","02","1702","D+19",0,"Thomas Lynch"
"317","Illinois","17","3","03","1703","D+20",0,"Justin Burau"
"318","Illinois","17","3","03","1703","D+20",0,"Delia Ramirez"
"319","Illinois","17","4","04","1704","D+22",0,"James Falakos"
"320","Illinois","17","4","04","1704","D+22",1,"Chuy García"
"321","Illinois","17","4","04","1704","D+22",0,"Edward Hershey"
"322","Illinois","17","5","05","1705","D+18",0,"Jerico Cruz"
"323","Illinois","17","5","05","1705","D+18",0,"Tommy Hanson"
"324","Illinois","17","5","05","1705","D+18",1,"Mike Quigley"
"325","Illinois","17","6","06","1706","D+3",1,"Sean Casten"
"326","Illinois","17","6","06","1706","D+3",0,"Keith Pekau"
"327","Illinois","17","6","06","1706","D+3",0,"Sean Casten"
"328","Illinois","17","6","06","1706","D+3",0,"Keith Pekau"
"329","Illinois","17","7","07","1707","D+36",1,"Danny K. Davis"
"330","Illinois","17","8","08","1708","D+6",0,"Chris Dargis"
"331","Illinois","17","8","08","1708","D+6",1,"Raja Krishnamoorthi"
"332","Illinois","17","9","09","1709","D+19",0,"Max Rice"
"333","Illinois","17","9","09","1709","D+19",1,"Jan Schakowsky"
"334","Illinois","17","10","10","1710","D+11",1,"Brad Schneider"
"335","Illinois","17","10","10","1710","D+11",0,"Joseph Severino"
"336","Illinois","17","11","11","1711","D+5",1,"Bill Foster"
"337","Illinois","17","11","11","1711","D+5",0,"Catalina Lauf"
"338","Illinois","17","12","12","1712","R+24",1,"Mike Bost"
"339","Illinois","17","12","12","1712","R+24",0,"Chip Markel"
"340","Illinois","17","13","13","1713","D+3",0,"Nikki Budzinski"
"341","Illinois","17","13","13","1713","D+3",0,"Regan Deering"
"342","Illinois","17","14","14","1714","D+4",0,"Scott Gryder"
"343","Illinois","17","14","14","1714","D+4",1,"Lauren Underwood"
"344","Illinois","17","15","15","1715","R+22",0,"Paul Lange"
"345","Illinois","17","15","15","1715","R+22",1,"Mary Miller"
"346","Illinois","17","15","15","1715","R+22",0,"Paul Lange"
"347","Illinois","17","15","15","1715","R+22",0,"Mary Miller"
"348","Illinois","17","16","16","1716","R+13",0,"Elizabeth Haderlein"
"349","Illinois","17","16","16","1716","R+13",0,"Darin LaHood"
"350","Illinois","17","16","16","1716","R+13",0,"Elizabeth Haderlein"
"351","Illinois","17","16","16","1716","R+13",0,"Darin LaHood"
"352","Illinois","17","17","17","1717","D+2",0,"Esther Joy King"
"353","Illinois","17","17","17","1717","D+2",0,"Eric Sorensen"
"354","Indiana","18","1","01","1801","D+3",0,"Jennifer-Ruth Green"
"355","Indiana","18","1","01","1801","D+3",1,"Frank J. Mrvan"
"356","Indiana","18","2","02","1802","R+14",0,"William Henry"
"357","Indiana","18","2","02","1802","R+14",0,"Paul Steury"
"358","Indiana","18","2","02","1802","R+14",0,"Rudy Yakym"
"359","Indiana","18","3","03","1803","R+18",0,"Nathan Gotsch"
"360","Indiana","18","3","03","1803","R+18",1,"Jim Banks"
"361","Indiana","18","3","03","1803","R+18",0,"Gary Snyder"
"362","Indiana","18","4","04","1804","R+18",1,"Jim Baird"
"363","Indiana","18","4","04","1804","R+18",0,"Roger Day"
"364","Indiana","18","5","05","1805","R+11",0,"Jeannine Lee Lake"
"365","Indiana","18","5","05","1805","R+11",1,"Victoria Spartz"
"366","Indiana","18","6","06","1806","R+19",1,"Greg Pence"
"367","Indiana","18","6","06","1806","R+19",0,"Cinde Wirth"
"368","Indiana","18","7","07","1807","D+19",1,"André Carson"
"369","Indiana","18","7","07","1807","D+19",0,"Angela Grabovsky"
"370","Indiana","18","7","07","1807","D+19",0,"Gavin Maple"
"371","Indiana","18","8","08","1808","R+19",1,"Larry Bucshon"
"372","Indiana","18","8","08","1808","R+19",0,"Andrew Horning"
"373","Indiana","18","8","08","1808","R+19",0,"Ray McCormick"
"374","Indiana","18","9","09","1809","R+16",0,"Matthew Fyfe"
"375","Indiana","18","9","09","1809","R+16",0,"Erin Houchin"
"376","Indiana","18","9","09","1809","R+16",0,"Tonya Millis"
"377","Iowa","19","1","01","1901","R+3",0,"Christina Bohannan"
"378","Iowa","19","1","01","1901","R+3",0,"Mariannette Miller-Meeks"
"379","Iowa","19","2","02","1902","R+4",0,"Ashley Hinson"
"380","Iowa","19","2","02","1902","R+4",0,"Liz Mathis"
"381","Iowa","19","3","03","1903","R+3",1,"Cindy Axne"
"382","Iowa","19","3","03","1903","R+3",0,"Zach Nunn"
"383","Iowa","19","4","04","1904","R+16",1,"Randy Feenstra"
"384","Iowa","19","4","04","1904","R+16",0,"Bryan Holder"
"385","Iowa","19","4","04","1904","R+16",0,"Ryan Melton"
"386","Kansas","20","1","01","2001","R+18",0,"Jimmy Beard"
"387","Kansas","20","1","01","2001","R+18",1,"Tracey Mann"
"388","Kansas","20","2","02","2002","R+11",1,"Jake LaTurner"
"389","Kansas","20","2","02","2002","R+11",0,"Patrick Schmidt"
"390","Kansas","20","3","03","2003","R+1",0,"Amanda Adkins"
"391","Kansas","20","3","03","2003","R+1",1,"Sharice Davids"
"392","Kansas","20","3","03","2003","R+1",0,"Steven Hohe"
"393","Kansas","20","4","04","2004","R+14",1,"Ron Estes"
"394","Kansas","20","4","04","2004","R+14",0,"Bob Hernandez"
"395","Kentucky","21","1","01","2101","R+24",0,"Jimmy Ausbrooks"
"396","Kentucky","21","1","01","2101","R+24",1,"James Comer"
"397","Kentucky","21","2","02","2102","R+21",1,"Brett Guthrie"
"398","Kentucky","21","2","02","2102","R+21",0,"Hank Linderman"
"399","Kentucky","21","3","03","2103","D+9",0,"Morgan McGarvey"
"400","Kentucky","21","3","03","2103","D+9",0,"Stuart Ray"
"401","Kentucky","21","4","04","2104","R+19",0,"Matthew Lehman"
"402","Kentucky","21","4","04","2104","R+19",1,"Thomas Massie"
"403","Kentucky","21","4","04","2104","R+19",0,"Ethan Osborne"
"404","Kentucky","21","5","05","2105","R+32",0,"Conor Halbleib"
"405","Kentucky","21","5","05","2105","R+32",1,"Hal Rogers"
"406","Kentucky","21","6","06","2106","R+9",1,"Andy Barr"
"407","Kentucky","21","6","06","2106","R+9",0,"Geoff Young"
"408","Louisiana","22","1","01","2201","R+23",0,"Katie Darling"
"409","Louisiana","22","1","01","2201","R+23",0,"Howard Kearney"
"410","Louisiana","22","1","01","2201","R+23",1,"Steve Scalise"
"411","Louisiana","22","2","02","2202","D+25",1,"Troy Carter"
"412","Louisiana","22","2","02","2202","D+25",0,"Dan Lux"
"413","Louisiana","22","3","03","2203","R+21",1,"Clay Higgins"
"414","Louisiana","22","3","03","2203","R+21",0,"Holden Hoggatt"
"415","Louisiana","22","3","03","2203","R+21",0,"Lessie Leblanc"
"416","Louisiana","22","3","03","2203","R+21",0,"Tia LeBrun"
"417","Louisiana","22","3","03","2203","R+21",0,"Guy McLendon"
"418","Louisiana","22","3","03","2203","R+21",0,"Thomas Payne Jr."
"419","Louisiana","22","3","03","2203","R+21",0,"Jake Shaheen"
"420","Louisiana","22","3","03","2203","R+21",0,"Gloria Wiggins"
"421","Louisiana","22","4","04","2204","R+14",1,"Mike Johnson"
"422","Louisiana","22","5","05","2205","R+17",0,"Omar Dantzler"
"423","Louisiana","22","5","05","2205","R+17",0,"Allen Guillory"
"424","Louisiana","22","5","05","2205","R+17",0,"Earl Huff"
"425","Louisiana","22","5","05","2205","R+17",1,"Julia Letlow"
"426","Louisiana","22","5","05","2205","R+17",0,"Hunter Pullen"
"427","Louisiana","22","6","06","2206","R+19",0,"Brian Belzer"
"428","Louisiana","22","6","06","2206","R+19",0,"Rufus Craig Jr."
"429","Louisiana","22","6","06","2206","R+19",1,"Garret Graves"
"430","Maine","23","1","01","2301","D+9",1,"Chellie Pingree"
"431","Maine","23","1","01","2301","D+9",0,"Ed Thelander"
"432","Maine","23","2","02","2302","R+6",0,"Tiffany Bond"
"433","Maine","23","2","02","2302","R+6",1,"Jared Golden"
"434","Maine","23","2","02","2302","R+6",0,"Bruce Poliquin"
"435","Maryland","24","1","01","2401","R+11",1,"Andy Harris"
"436","Maryland","24","1","01","2401","R+11",0,"Heather Mizeur"
"437","Maryland","24","1","01","2401","R+11",0,"Daniel Thibeault"
"438","Maryland","24","2","02","2402","D+7",0,"Nicolee Ambrose"
"439","Maryland","24","2","02","2402","D+7",1,"Dutch Ruppersberger"
"440","Maryland","24","3","03","2403","D+10",0,"Yuripzy Morgan"
"441","Maryland","24","3","03","2403","D+10",1,"John Sarbanes"
"442","Maryland","24","4","04","2404","D+40",0,"Glenn Ivey"
"443","Maryland","24","4","04","2404","D+40",0,"Jeff Warner"
"444","Maryland","24","5","05","2405","D+15",1,"Steny Hoyer"
"445","Maryland","24","5","05","2405","D+15",0,"Chris Palombi"
"446","Maryland","24","6","06","2406","D+2",0,"Neil Parrott"
"447","Maryland","24","6","06","2406","D+2",1,"David Trone"
"448","Maryland","24","7","07","2407","D+30",0,"Scott Collier"
"449","Maryland","24","7","07","2407","D+30",1,"Kweisi Mfume"
"450","Maryland","24","8","08","2408","D+29",0,"Gregory Coll"
"451","Maryland","24","8","08","2408","D+29",0,"Andres Garcia"
"452","Maryland","24","8","08","2408","D+29",1,"Jamie Raskin"
"453","Massachusetts","25","1","01","2501","D+9",0,"Dean Martilli"
"454","Massachusetts","25","1","01","2501","D+9",1,"Richard Neal"
"455","Massachusetts","25","2","02","2502","D+13",1,"Jim McGovern"
"456","Massachusetts","25","2","02","2502","D+13",0,"Jeffrey Sossa-Paquette"
"457","Massachusetts","25","3","03","2503","D+11",1,"Lori Trahan"
"458","Massachusetts","25","3","03","2503","D+11",0,"Dean Tran"
"459","Massachusetts","25","4","04","2504","D+12",1,"Jake Auchincloss"
"460","Massachusetts","25","5","05","2505","D+23",1,"Katherine Clark"
"461","Massachusetts","25","5","05","2505","D+23",0,"Caroline Colarusso"
"462","Massachusetts","25","6","06","2506","D+11",0,"Bob May"
"463","Massachusetts","25","6","06","2506","D+11",1,"Seth Moulton"
"464","Massachusetts","25","6","06","2506","D+11",0,"Mark Tashjian"
"465","Massachusetts","25","7","07","2507","D+35",0,"Donnie Palmer Jr."
"466","Massachusetts","25","7","07","2507","D+35",1,"Ayanna Pressley"
"467","Massachusetts","25","8","08","2508","D+15",0,"Robert Burke"
"468","Massachusetts","25","8","08","2508","D+15",1,"Stephen F. Lynch"
"469","Massachusetts","25","9","09","2509","D+6",0,"Jesse Brown"
"470","Massachusetts","25","9","09","2509","D+6",1,"Bill Keating"
"471","Michigan","26","1","01","2601","R+13",1,"Jack Bergman"
"472","Michigan","26","1","01","2601","R+13",0,"Andrew Gale"
"473","Michigan","26","1","01","2601","R+13",0,"Liz Hakola"
"474","Michigan","26","1","01","2601","R+13",0,"Bob Lorinser"
"475","Michigan","26","2","02","2602","R+16",0,"Nathan Hewer"
"476","Michigan","26","2","02","2602","R+16",0,"Jerry Hilliard"
"477","Michigan","26","2","02","2602","R+16",0,"John Moolenaar"
"478","Michigan","26","3","03","2603","D+1",0,"John Gibbs"
"479","Michigan","26","3","03","2603","D+1",0,"Jamie Lewis"
"480","Michigan","26","3","03","2603","D+1",0,"Louis Palus"
"481","Michigan","26","3","03","2603","D+1",0,"Hillary Scholten"
"482","Michigan","26","4","04","2604","R+5",0,"Curtis Michael Clark"
"483","Michigan","26","4","04","2604","R+5",0,"Bill Huizenga"
"484","Michigan","26","4","04","2604","R+5",0,"Lorence Wenke"
"485","Michigan","26","4","04","2604","R+5",0,"Joseph Alfonso"
"486","Michigan","26","4","04","2604","R+5",0,"Curtis Michael Clark"
"487","Michigan","26","4","04","2604","R+5",0,"Bill Huizenga"
"488","Michigan","26","4","04","2604","R+5",0,"Lorence Wenke"
"489","Michigan","26","4","04","2604","R+5",0,"Joseph Alfonso"
"490","Michigan","26","5","05","2605","R+15",0,"Bart Goldberg"
"491","Michigan","26","5","05","2605","R+15",0,"Norm Peterson"
"492","Michigan","26","5","05","2605","R+15",0,"Ezra Scott"
"493","Michigan","26","5","05","2605","R+15",0,"Tim Walberg"
"494","Michigan","26","6","06","2606","D+11",0,"Debbie Dingell"
"495","Michigan","26","6","06","2606","D+11",0,"Whittney Williams"
"496","Michigan","26","7","07","2607","R+2",0,"Tom Barrett"
"497","Michigan","26","7","07","2607","R+2",0,"Leah Dailey"
"498","Michigan","26","7","07","2607","R+2",0,"Elissa Slotkin"
"499","Michigan","26","8","08","2608","R+1",0,"David Canny"
"500","Michigan","26","8","08","2608","R+1",0,"Kathy Goodwin"
"501","Michigan","26","8","08","2608","R+1",0,"Paul Junge"
"502","Michigan","26","8","08","2608","R+1",0,"Dan Kildee"
"503","Michigan","26","9","09","2609","R+18",0,"Brian Jaye"
"504","Michigan","26","9","09","2609","R+18",0,"Jacob Kelts"
"505","Michigan","26","9","09","2609","R+18",0,"Lisa McClain"
"506","Michigan","26","9","09","2609","R+18",0,"Jim Walkowicz"
"507","Michigan","26","10","10","2610","R+3",0,"John James"
"508","Michigan","26","10","10","2610","R+3",0,"Andrea Kirby"
"509","Michigan","26","10","10","2610","R+3",0,"Carl Marlinga"
"510","Michigan","26","10","10","2610","R+3",0,"Mike Saliba"
"511","Michigan","26","11","11","2611","D+7",0,"Mark Ambrose"
"512","Michigan","26","11","11","2611","D+7",1,"Haley Stevens"
"513","Michigan","26","11","11","2611","D+7",0,"Mark Ambrose"
"514","Michigan","26","11","11","2611","D+7",0,"Haley Stevens"
"515","Michigan","26","12","12","2612","D+23",0,"Steven Elliott"
"516","Michigan","26","12","12","2612","D+23",0,"Rashida Tlaib"
"517","Michigan","26","12","12","2612","D+23",0,"Gary Walkowicz"
"518","Michigan","26","12","12","2612","D+23",0,"Steven Elliott"
"519","Michigan","26","12","12","2612","D+23",0,"Rashida Tlaib"
"520","Michigan","26","12","12","2612","D+23",0,"Gary Walkowicz"
"521","Michigan","26","13","13","2613","D+23",0,"Martell Bivings"
"522","Michigan","26","13","13","2613","D+23",0,"Simone Coleman"
"523","Michigan","26","13","13","2613","D+23",0,"Chris Dardzinski"
"524","Michigan","26","13","13","2613","D+23",0,"Shri Thanedar"
"525","Minnesota","27","1","01","2701","R+7",0,"Brian Abrahamson"
"526","Minnesota","27","1","01","2701","R+7",0,"Jeff Ettinger"
"527","Minnesota","27","1","01","2701","R+7",1,"Brad Finstad"
"528","Minnesota","27","1","01","2701","R+7",0,"Richard Reisdorf"
"529","Minnesota","27","2","02","2702","D+1",1,"Angie Craig"
"530","Minnesota","27","2","02","2702","D+1",0,"Tyler Kistner"
"531","Minnesota","27","2","02","2702","D+1",0,"Paula Overby"
"532","Minnesota","27","3","03","2703","D+8",1,"Dean Phillips"
"533","Minnesota","27","3","03","2703","D+8",0,"Tom Weiler"
"534","Minnesota","27","4","04","2704","D+17",1,"Betty McCollum"
"535","Minnesota","27","4","04","2704","D+17",0,"May Lor Xiong"
"536","Minnesota","27","5","05","2705","D+30",0,"Cicely Davis"
"537","Minnesota","27","5","05","2705","D+30",1,"Ilhan Omar"
"538","Minnesota","27","6","06","2706","R+12",1,"Tom Emmer"
"539","Minnesota","27","6","06","2706","R+12",0,"Jeanne Hendricks"
"540","Minnesota","27","7","07","2707","R+19",0,"Jill Abahsain"
"541","Minnesota","27","7","07","2707","R+19",1,"Michelle Fischbach"
"542","Minnesota","27","7","07","2707","R+19",0,"Travis Johnson"
"543","Minnesota","27","8","08","2708","R+8",0,"Jennifer Schultz"
"544","Minnesota","27","8","08","2708","R+8",1,"Pete Stauber"
"545","Mississippi","28","1","01","2801","R+18",0,"Dianne Black"
"546","Mississippi","28","1","01","2801","R+18",1,"Trent Kelly"
"547","Mississippi","28","2","02","2802","D+11",0,"Brian Flowers"
"548","Mississippi","28","2","02","2802","D+11",1,"Bennie Thompson"
"549","Mississippi","28","3","03","2803","R+15",1,"Michael Guest"
"550","Mississippi","28","3","03","2803","R+15",0,"Shuwaski Young"
"551","Mississippi","28","4","04","2804","R+22",0,"Johnny DuPree"
"552","Mississippi","28","4","04","2804","R+22",0,"Mike Ezell"
"553","Mississippi","28","4","04","2804","R+22",0,"Alden Johnson"
"554","Missouri","29","1","01","2901","D+27",1,"Cori Bush"
"555","Missouri","29","1","01","2901","D+27",0,"Andrew Jones"
"556","Missouri","29","1","01","2901","D+27",0,"George Zsidisin"
"557","Missouri","29","2","02","2902","R+7",0,"Trish Gunby"
"558","Missouri","29","2","02","2902","R+7",0,"Bill Slantz"
"559","Missouri","29","2","02","2902","R+7",1,"Ann Wagner"
"560","Missouri","29","3","03","2903","R+16",1,"Blaine Luetkemeyer"
"561","Missouri","29","3","03","2903","R+16",0,"Bethany Mann"
"562","Missouri","29","4","04","2904","R+23",0,"Mark Alford"
"563","Missouri","29","4","04","2904","R+23",0,"Randy Langkraehr"
"564","Missouri","29","4","04","2904","R+23",0,"Jack Truman"
"565","Missouri","29","5","05","2905","D+11",1,"Emanuel Cleaver"
"566","Missouri","29","5","05","2905","D+11",0,"Robin Dominick"
"567","Missouri","29","5","05","2905","D+11",0,"Jacob Turk"
"568","Missouri","29","6","06","2906","R+21",1,"Sam Graves"
"569","Missouri","29","6","06","2906","R+21",0,"Andy Maidment"
"570","Missouri","29","6","06","2906","R+21",0,"Henry Martin"
"571","Missouri","29","7","07","2907","R+24",0,"Eric Burlison"
"572","Missouri","29","7","07","2907","R+24",0,"Kevin Craig"
"573","Missouri","29","7","07","2907","R+24",0,"Kristen Radaker-Sheafer"
"574","Missouri","29","8","08","2908","R+28",0,"Jim Higgins"
"575","Missouri","29","8","08","2908","R+28",0,"Randi McCallian"
"576","Missouri","29","8","08","2908","R+28",1,"Jason Smith"
"577","Montana","30","1","01","3001","R+6",0,"John Lamb"
"578","Montana","30","1","01","3001","R+6",0,"Monica Tranel"
"579","Montana","30","1","01","3001","R+6",0,"Ryan Zinke"
"580","Montana","30","2","02","3002","R+16",0,"Gary Buchanan"
"581","Montana","30","2","02","3002","R+16",0,"Sam Rankin"
"582","Montana","30","2","02","3002","R+16",0,"Penny Ronning"
"583","Montana","30","2","02","3002","R+16",0,"Matt Rosendale"
"584","Nebraska","31","1","01","3101","R+9",1,"Mike Flood"
"585","Nebraska","31","1","01","3101","R+9",0,"Patty Pansing Brooks"
"586","Nebraska","31","2","02","3102","EVEN",1,"Don Bacon"
"587","Nebraska","31","2","02","3102","EVEN",0,"Tony Vargas"
"588","Nebraska","31","3","03","3103","R+29",0,"David Else"
"589","Nebraska","31","3","03","3103","R+29",0,"Mark Elworth Jr."
"590","Nebraska","31","3","03","3103","R+29",1,"Adrian Smith"
"591","Nevada","32","1","01","3201","D+3",0,"Ken Cavanaugh"
"592","Nevada","32","1","01","3201","D+3",0,"Monica Lenoir"
"593","Nevada","32","1","01","3201","D+3",0,"Mark Robertson"
"594","Nevada","32","1","01","3201","D+3",1,"Dina Titus"
"595","Nevada","32","2","02","3202","R+8",1,"Mark Amodei"
"596","Nevada","32","2","02","3202","R+8",0,"Darryl Baber"
"597","Nevada","32","2","02","3202","R+8",0,"Russell Best"
"598","Nevada","32","2","02","3202","R+8",0,"Elizabeth Krause"
"599","Nevada","32","3","03","3203","D+1",0,"April Becker"
"600","Nevada","32","3","03","3203","D+1",1,"Susie Lee"
"601","Nevada","32","3","03","3203","D+1",0,"Robert Morris"
"602","Nevada","32","4","04","3204","D+3",1,"Steven Horsford"
"603","Nevada","32","4","04","3204","D+3",0,"Sam Peters"
"604","New Hampshire","33","1","01","3301","EVEN",0,"Karoline Leavitt"
"605","New Hampshire","33","1","01","3301","EVEN",1,"Chris Pappas"
"606","New Hampshire","33","2","02","3302","D+2",0,"Robert Burns"
"607","New Hampshire","33","2","02","3302","D+2",1,"Annie Kuster"
"608","New Jersey","34","1","01","3401","D+10",0,"Allen Cannon"
"609","New Jersey","34","1","01","3401","D+10",0,"Isaiah Fletcher"
"610","New Jersey","34","1","01","3401","D+10",0,"Claire Gustafson"
"611","New Jersey","34","1","01","3401","D+10",0,"Patricia Kline"
"612","New Jersey","34","1","01","3401","D+10",1,"Donald Norcross"
"613","New Jersey","34","2","02","3402","R+5",0,"Tim Alexander"
"614","New Jersey","34","2","02","3402","R+5",0,"Michael Gallo"
"615","New Jersey","34","2","02","3402","R+5",0,"Anthony Sanchez"
"616","New Jersey","34","2","02","3402","R+5",1,"Jeff Van Drew"
"617","New Jersey","34","3","03","3403","D+5",0,"Bob Healey Jr."
"618","New Jersey","34","3","03","3403","D+5",1,"Andy Kim"
"619","New Jersey","34","3","03","3403","D+5",0,"Christopher Russomanno"
"620","New Jersey","34","3","03","3403","D+5",0,"Gregory Sobocinski"
"621","New Jersey","34","4","04","3404","R+14",0,"Jason Cullen"
"622","New Jersey","34","4","04","3404","R+14",0,"Pam Daniels"
"623","New Jersey","34","4","04","3404","R+14",0,"Matthew Jenkins"
"624","New Jersey","34","4","04","3404","R+14",0,"David Schmidt"
"625","New Jersey","34","4","04","3404","R+14",0,"Hank Schroeder"
"626","New Jersey","34","4","04","3404","R+14",1,"Chris Smith"
"627","New Jersey","34","5","05","3405","D+4",0,"Trevor Ferrigno"
"628","New Jersey","34","5","05","3405","D+4",1,"Josh Gottheimer"
"629","New Jersey","34","5","05","3405","D+4",0,"Jeremy Marcus"
"630","New Jersey","34","5","05","3405","D+4",0,"Frank Pallotta"
"631","New Jersey","34","5","05","3405","D+4",0,"Louis Vellucci"
"632","New Jersey","34","6","06","3406","D+8",0,"Eric Antisell"
"633","New Jersey","34","6","06","3406","D+8",0,"Tara Fisher"
"634","New Jersey","34","6","06","3406","D+8",0,"Sue Kiley"
"635","New Jersey","34","6","06","3406","D+8",1,"Frank Pallone"
"636","New Jersey","34","6","06","3406","D+8",0,"Inder Soni"
"637","New Jersey","34","7","07","3407","R+1",0,"Veronica Fernandez"
"638","New Jersey","34","7","07","3407","R+1",0,"Thomas Kean Jr."
"639","New Jersey","34","7","07","3407","R+1",1,"Tom Malinowski"
"640","New Jersey","34","8","08","3408","D+22",0,"Marcos Arroyo"
"641","New Jersey","34","8","08","3408","D+22",0,"David Cook"
"642","New Jersey","34","8","08","3408","D+22",0,"Dan Delaney"
"643","New Jersey","34","8","08","3408","D+22",0,"Joanne Kuniansky"
"644","New Jersey","34","8","08","3408","D+22",0,"Rob Menendez"
"645","New Jersey","34","8","08","3408","D+22",0,"Pablo Olivera"
"646","New Jersey","34","8","08","3408","D+22",0,"John Salierno"
"647","New Jersey","34","9","09","3409","D+8",0,"Sean Armstrong"
"648","New Jersey","34","9","09","3409","D+8",1,"Bill Pascrell"
"649","New Jersey","34","9","09","3409","D+8",0,"Billy Prempeh"
"650","New Jersey","34","9","09","3409","D+8",0,"Lea Sherman"
"651","New Jersey","34","10","10","3410","D+30",0,"Clenard Childress"
"652","New Jersey","34","10","10","3410","D+30",0,"Dorothy Humphries"
"653","New Jersey","34","10","10","3410","D+30",0,"Cynthia Johnson"
"654","New Jersey","34","10","10","3410","D+30",0,"Kendal Ludden"
"655","New Jersey","34","10","10","3410","D+30",1,"Donald Payne Jr."
"656","New Jersey","34","10","10","3410","D+30",0,"David Pinckney"
"657","New Jersey","34","11","11","3411","D+6",0,"Joseph Biasco"
"658","New Jersey","34","11","11","3411","D+6",0,"Paul DeGroot"
"659","New Jersey","34","11","11","3411","D+6",1,"Mikie Sherrill"
"660","New Jersey","34","12","12","3412","D+12",0,"Lynn Genrich"
"661","New Jersey","34","12","12","3412","D+12",0,"Darius Mayfield"
"662","New Jersey","34","12","12","3412","D+12",1,"Bonnie Watson Coleman"
"663","New Mexico","35","1","01","3501","D+5",0,"Michelle Garcia Holmes"
"664","New Mexico","35","1","01","3501","D+5",1,"Melanie Stansbury"
"665","New Mexico","35","2","02","3502","D+1",1,"Yvette Herrell"
"666","New Mexico","35","2","02","3502","D+1",0,"Gabe Vasquez"
"667","New Mexico","35","3","03","3503","D+4",1,"Teresa Leger Fernandez"
"668","New Mexico","35","3","03","3503","D+4",0,"Alexis Martinez Johnson"
"669","New York","36","1","01","3601","R+3",0,"Bridget Fleming"
"670","New York","36","1","01","3601","R+3",0,"Nick LaLota"
"671","New York","36","2","02","3602","R+3",1,"Andrew Garbarino"
"672","New York","36","2","02","3602","R+3",0,"Jackie Gordon"
"673","New York","36","3","03","3603","D+2",0,"George Santos"
"674","New York","36","3","03","3603","D+2",0,"Robert Zimmerman"
"675","New York","36","4","04","3604","D+5",0,"Anthony D'Esposito"
"676","New York","36","4","04","3604","D+5",0,"Laura Gillen"
"677","New York","36","5","05","3605","D+30",0,"Paul King"
"678","New York","36","5","05","3605","D+30",1,"Gregory Meeks"
"679","New York","36","6","06","3606","D+15",1,"Grace Meng"
"680","New York","36","6","06","3606","D+15",0,"Thomas Zmich"
"681","New York","36","7","07","3607","D+31",0,"Juan Pagan"
"682","New York","36","7","07","3607","D+31",1,"Nydia Velázquez"
"683","New York","36","8","08","3608","D+26",0,"Yuri Dashevsky"
"684","New York","36","8","08","3608","D+26",1,"Hakeem Jeffries"
"685","New York","36","9","09","3609","D+25",1,"Yvette Clarke"
"686","New York","36","9","09","3609","D+25",0,"Menachem Raitport"
"687","New York","36","10","10","3610","D+35",0,"Dan Goldman"
"688","New York","36","10","10","3610","D+35",0,"Benine Hamdan"
"689","New York","36","10","10","3610","D+35",0,"Steve Speer"
"690","New York","36","11","11","3611","R+6",1,"Nicole Malliotakis"
"691","New York","36","11","11","3611","R+6",0,"Max Rose"
"692","New York","36","12","12","3612","D+34",0,"Mikhail Itkis"
"693","New York","36","12","12","3612","D+34",0,"Jerry Nadler"
"694","New York","36","12","12","3612","D+34",0,"Michael Zumbluskas"
"695","New York","36","12","12","3612","D+34",0,"Mikhail Itkis"
"696","New York","36","12","12","3612","D+34",0,"Jerry Nadler"
"697","New York","36","12","12","3612","D+34",0,"Michael Zumbluskas"
"698","New York","36","13","13","3613","D+38",1,"Adriano Espaillat"
"699","New York","36","14","14","3614","D+28",0,"Desi Cuellar"
"700","New York","36","14","14","3614","D+28",0,"Tina Forte"
"701","New York","36","14","14","3614","D+28",1,"Alexandria Ocasio-Cortez"
"702","New York","36","15","15","3615","D+35",0,"Stylo Sapaskis"
"703","New York","36","15","15","3615","D+35",1,"Ritchie Torres"
"704","New York","36","16","16","3616","D+20",1,"Jamaal Bowman"
"705","New York","36","16","16","3616","D+20",0,"John Ciampoli"
"706","New York","36","17","17","3617","D+3",0,"Michael Lawler"
"707","New York","36","17","17","3617","D+3",0,"Sean Patrick Maloney"
"708","New York","36","18","18","3618","D+1",0,"Pat Ryan"
"709","New York","36","18","18","3618","D+1",0,"Colin Schmitt"
"710","New York","36","19","19","3619","EVEN",0,"Marc Molinaro"
"711","New York","36","19","19","3619","EVEN",0,"Josh Riley"
"712","New York","36","20","20","3620","D+7",0,"Liz Joy"
"713","New York","36","20","20","3620","D+7",1,"Paul Tonko"
"714","New York","36","21","21","3621","R+9",0,"Matt Castelli"
"715","New York","36","21","21","3621","R+9",1,"Elise Stefanik"
"716","New York","36","22","22","3622","D+1",0,"Francis Conole"
"717","New York","36","22","22","3622","D+1",0,"Brandon Williams"
"718","New York","36","23","23","3623","R+12",0,"Max Della Pia"
"719","New York","36","23","23","3623","R+12",0,"Nick Langworthy"
"720","New York","36","23","23","3623","R+12",0,"Max Della Pia"
"721","New York","36","23","23","3623","R+12",0,"Nick Langworthy"
"722","New York","36","24","24","3624","R+11",0,"Steven Holden"
"723","New York","36","24","24","3624","R+11",0,"Claudia Tenney"
"724","New York","36","25","25","3625","D+7",1,"Joseph Morelle"
"725","New York","36","25","25","3625","D+7",0,"La'Ron Singletary"
"726","New York","36","26","26","3626","D+9",1,"Brian Higgins"
"727","New York","36","26","26","3626","D+9",0,"Steven Sams"
"728","North Carolina","37","1","01","3701","D+2",0,"Don Davis"
"729","North Carolina","37","1","01","3701","D+2",0,"Sandy Smith"
"730","North Carolina","37","2","02","3702","D+12",1,"Deborah K. Ross"
"731","North Carolina","37","2","02","3702","D+12",0,"Christine Villaverde"
"732","North Carolina","37","3","03","3703","R+15",0,"Barbara Gaskins"
"733","North Carolina","37","3","03","3703","R+15",1,"Greg Murphy"
"734","North Carolina","37","4","04","3704","D+16",0,"Valerie Foushee"
"735","North Carolina","37","4","04","3704","D+16",0,"Courtney Geels"
"736","North Carolina","37","5","05","3705","R+13",1,"Virginia Foxx"
"737","North Carolina","37","5","05","3705","R+13",0,"Kyle Parrish"
"738","North Carolina","37","6","06","3706","D+4",0,"Christian Castelli"
"739","North Carolina","37","6","06","3706","D+4",1,"Kathy Manning"
"740","North Carolina","37","6","06","3706","D+4",0,"Thomas Watercott"
"741","North Carolina","37","7","07","3707","R+8",0,"Charles Graham"
"742","North Carolina","37","7","07","3707","R+8",1,"David Rouzer"
"743","North Carolina","37","8","08","3708","R+20",0,"Dan Bishop"
"744","North Carolina","37","8","08","3708","R+20",0,"Scott Huffman"
"745","North Carolina","37","8","08","3708","R+20",0,"Dan Bishop"
"746","North Carolina","37","8","08","3708","R+20",0,"Scott Huffman"
"747","North Carolina","37","9","09","3709","R+6",0,"Ben Clark"
"748","North Carolina","37","9","09","3709","R+6",0,"Richard Hudson"
"749","North Carolina","37","10","10","3710","R+22",0,"Pam Genant"
"750","North Carolina","37","10","10","3710","R+22",1,"Patrick McHenry"
"751","North Carolina","37","11","11","3711","R+8",0,"Jasmine Beach-Ferrara"
"752","North Carolina","37","11","11","3711","R+8",0,"David Coatney"
"753","North Carolina","37","11","11","3711","R+8",0,"Chuck Edwards"
"754","North Carolina","37","12","12","3712","D+13",1,"Alma Adams"
"755","North Carolina","37","12","12","3712","D+13",0,"Tyler Lee"
"756","North Carolina","37","13","13","3713","R+2",0,"Bo Hines"
"757","North Carolina","37","13","13","3713","R+2",0,"Wiley Nickel"
"758","North Carolina","37","14","14","3714","D+6",0,"Pat Harrigan"
"759","North Carolina","37","14","14","3714","D+6",0,"Jeff Jackson"
"760","North Dakota","38","AL","AL","38AL","R+20",1,"Kelly Armstrong"
"761","North Dakota","38","AL","AL","38AL","R+20",0,"Cara Mund"
"762","Ohio","39","1","01","3901","D+2",1,"Steve Chabot"
"763","Ohio","39","1","01","3901","D+2",0,"Greg Landsman"
"764","Ohio","39","2","02","3902","R+25",0,"Samantha Meadows"
"765","Ohio","39","2","02","3902","R+25",1,"Brad Wenstrup"
"766","Ohio","39","3","03","3903","D+20",1,"Joyce Beatty"
"767","Ohio","39","3","03","3903","D+20",0,"Lee Stahley"
"768","Ohio","39","4","04","3904","R+20",1,"Jim Jordan"
"769","Ohio","39","4","04","3904","R+20",0,"Tamie Wilson"
"770","Ohio","39","5","05","3905","R+15",1,"Bob Latta"
"771","Ohio","39","5","05","3905","R+15",0,"Craig Swartz"
"772","Ohio","39","6","06","3906","R+16",1,"Bill Johnson"
"773","Ohio","39","6","06","3906","R+16",0,"Louis Lyras"
"774","Ohio","39","7","07","3907","R+7",0,"Matthew Diemer"
"775","Ohio","39","7","07","3907","R+7",0,"Max Miller"
"776","Ohio","39","7","07","3907","R+7",0,"Matthew Diemer"
"777","Ohio","39","7","07","3907","R+7",0,"Max Miller"
"778","Ohio","39","8","08","3908","R+14",1,"Warren Davidson"
"779","Ohio","39","8","08","3908","R+14",0,"Vanessa Enoch"
"780","Ohio","39","9","09","3909","R+3",1,"Marcy Kaptur"
"781","Ohio","39","9","09","3909","R+3",0,"J. R. Majewski"
"782","Ohio","39","10","10","3910","R+4",0,"David Esrati"
"783","Ohio","39","10","10","3910","R+4",1,"Mike Turner"
"784","Ohio","39","11","11","3911","D+28",0,"Eric Brewer"
"785","Ohio","39","11","11","3911","D+28",1,"Shontel Brown"
"786","Ohio","39","12","12","3912","R+18",1,"Troy Balderson"
"787","Ohio","39","12","12","3912","R+18",0,"Amy Rippel-Elton"
"788","Ohio","39","13","13","3913","R+1",0,"Madison Gesiotto"
"789","Ohio","39","13","13","3913","R+1",0,"Emilia Sykes"
"790","Ohio","39","14","14","3914","R+9",1,"David Joyce"
"791","Ohio","39","14","14","3914","R+9",0,"Matt Kilboy"
"792","Ohio","39","15","15","3915","R+6",1,"Mike Carey"
"793","Ohio","39","15","15","3915","R+6",0,"Gary Josephson"
"794","Oklahoma","40","1","01","4001","R+14",1,"Kevin Hern"
"795","Oklahoma","40","1","01","4001","R+14",0,"Adam Martin"
"796","Oklahoma","40","1","01","4001","R+14",0,"Evelyn Rogers"
"797","Oklahoma","40","2","02","4002","R+29",0,"Naomi Andrews"
"798","Oklahoma","40","2","02","4002","R+29",0,"Josh Brecheen"
"799","Oklahoma","40","2","02","4002","R+29",0,"Bulldog Ben Robinson"
"800","Oklahoma","40","3","03","4003","R+24",1,"Frank Lucas"
"801","Oklahoma","40","3","03","4003","R+24",0,"Jeremiah Ross"
"802","Oklahoma","40","4","04","4004","R+19",0,"Mary Brannon"
"803","Oklahoma","40","4","04","4004","R+19",1,"Tom Cole"
"804","Oklahoma","40","5","05","4005","R+12",1,"Stephanie Bice"
"805","Oklahoma","40","5","05","4005","R+12",0,"David Frosch"
"806","Oklahoma","40","5","05","4005","R+12",0,"Joshua Harris-Till"
"807","Oregon","41","1","01","4101","D+18",1,"Suzanne Bonamici"
"808","Oregon","41","1","01","4101","D+18",0,"Christopher Mann"
"809","Oregon","41","2","02","4102","R+15",1,"Cliff Bentz"
"810","Oregon","41","2","02","4102","R+15",0,"Joe Yetter"
"811","Oregon","41","3","03","4103","D+22",1,"Earl Blumenauer"
"812","Oregon","41","3","03","4103","D+22",0,"David Delk"
"813","Oregon","41","3","03","4103","D+22",0,"Joanna Harbour"
"814","Oregon","41","4","04","4104","D+4",0,"Mike Beilstein"
"815","Oregon","41","4","04","4104","D+4",0,"Jim Howard"
"816","Oregon","41","4","04","4104","D+4",0,"Val Hoyle"
"817","Oregon","41","4","04","4104","D+4",0,"Levi Leatherberry"
"818","Oregon","41","4","04","4104","D+4",0,"Alek Skarlatos"
"819","Oregon","41","5","05","4105","D+2",0,"Lori Chavez-DeRemer"
"820","Oregon","41","5","05","4105","D+2",0,"Jamie McLeod-Skinner"
"821","Oregon","41","6","06","4106","D+4",0,"Mike Erickson"
"822","Oregon","41","6","06","4106","D+4",0,"Larry McFarland"
"823","Oregon","41","6","06","4106","D+4",0,"Andrea Salinas"
"824","Pennsylvania","42","1","01","4201","EVEN",0,"Ashley Ehasz"
"825","Pennsylvania","42","1","01","4201","EVEN",1,"Brian Fitzpatrick"
"826","Pennsylvania","42","2","02","4202","D+20",0,"Aaron Bashir"
"827","Pennsylvania","42","2","02","4202","D+20",1,"Brendan Boyle"
"828","Pennsylvania","42","3","03","4203","D+39",1,"Dwight Evans"
"829","Pennsylvania","42","3","03","4203","D+39",0,"Christopher Hoeppner"
"830","Pennsylvania","42","4","04","4204","D+7",1,"Madeleine Dean"
"831","Pennsylvania","42","4","04","4204","D+7",0,"Christian Nascimento"
"832","Pennsylvania","42","5","05","4205","D+14",0,"David Galluch"
"833","Pennsylvania","42","5","05","4205","D+14",1,"Mary Gay Scanlon"
"834","Pennsylvania","42","6","06","4206","D+5",0,"Guy Ciarrocchi"
"835","Pennsylvania","42","6","06","4206","D+5",1,"Chrissy Houlahan"
"836","Pennsylvania","42","7","07","4207","R+2",0,"Lisa Scheller"
"837","Pennsylvania","42","7","07","4207","R+2",1,"Susan Wild"
"838","Pennsylvania","42","8","08","4208","R+4",0,"Jim Bognet"
"839","Pennsylvania","42","8","08","4208","R+4",1,"Matt Cartwright"
"840","Pennsylvania","42","9","09","4209","R+21",1,"Dan Meuser"
"841","Pennsylvania","42","9","09","4209","R+21",0,"Amanda Waldman"
"842","Pennsylvania","42","9","09","4209","R+21",0,"Dan Meuser"
"843","Pennsylvania","42","9","09","4209","R+21",0,"Amanda Waldman"
"844","Pennsylvania","42","10","10","4210","R+5",0,"Shamaine Daniels"
"845","Pennsylvania","42","10","10","4210","R+5",1,"Scott Perry"
"846","Pennsylvania","42","11","11","4211","R+13",0,"Bob Hollister"
"847","Pennsylvania","42","11","11","4211","R+13",1,"Lloyd Smucker"
"848","Pennsylvania","42","12","12","4212","D+8",0,"Mike Doyle"
"849","Pennsylvania","42","12","12","4212","D+8",0,"Summer Lee"
"850","Pennsylvania","42","13","13","4213","R+25",1,"John Joyce"
"851","Pennsylvania","42","14","14","4214","R+18",1,"Guy Reschenthaler"
"852","Pennsylvania","42","15","15","4215","R+21",1,"Glenn Thompson"
"853","Pennsylvania","42","15","15","4215","R+21",0,"Mike Molesevich"
"854","Pennsylvania","42","16","16","4216","R+13",1,"Mike Kelly"
"855","Pennsylvania","42","16","16","4216","R+13",0,"Dan Pastore"
"856","Pennsylvania","42","17","17","4217","EVEN",0,"Chris Deluzio"
"857","Pennsylvania","42","17","17","4217","EVEN",0,"Jeremy Shaffer"
"858","Rhode Island","44","1","01","4401","D+12",1,"David Cicilline"
"859","Rhode Island","44","1","01","4401","D+12",0,"Allen Waters"
"860","Rhode Island","44","2","02","4402","D+4",0,"Allan Fung"
"861","Rhode Island","44","2","02","4402","D+4",0,"William Gilbert"
"862","Rhode Island","44","2","02","4402","D+4",0,"Seth Magaziner"
"863","South Carolina","45","1","01","4501","R+7",0,"Annie Andrews"
"864","South Carolina","45","1","01","4501","R+7",1,"Nancy Mace"
"865","South Carolina","45","1","01","4501","R+7",0,"Joseph Oddo"
"866","South Carolina","45","2","02","4502","R+8",0,"Juddson Larkins"
"867","South Carolina","45","2","02","4502","R+8",1,"Joe Wilson"
"868","South Carolina","45","3","03","4503","R+21",1,"Jeff Duncan"
"869","South Carolina","45","4","04","4504","R+12",1,"William Timmons"
"870","South Carolina","45","5","05","4505","R+12",0,"Larry Gaither"
"871","South Carolina","45","5","05","4505","R+12",0,"Evangeline Hundley"
"872","South Carolina","45","5","05","4505","R+12",1,"Ralph Norman"
"873","South Carolina","45","6","06","4506","D+14",0,"Duke Buckner"
"874","South Carolina","45","6","06","4506","D+14",1,"Jim Clyburn"
"875","South Carolina","45","7","07","4507","R+11",0,"Russell Fry"
"876","South Carolina","45","7","07","4507","R+11",0,"Daryl Scott"
"877","South Dakota","46","AL","AL","46AL","R+16",0,"Collin Duprel"
"878","South Dakota","46","AL","AL","46AL","R+16",1,"Dusty Johnson"
"879","Tennessee","47","1","01","4701","R+30",0,"Richard Baker"
"880","Tennessee","47","1","01","4701","R+30",1,"Diana Harshbarger"
"881","Tennessee","47","1","01","4701","R+30",0,"Matt Makrom"
"882","Tennessee","47","1","01","4701","R+30",0,"Cameron Parsons"
"883","Tennessee","47","2","02","4702","R+18",1,"Tim Burchett"
"884","Tennessee","47","2","02","4702","R+18",0,"Mark Harmon"
"885","Tennessee","47","3","03","4703","R+19",1,"Chuck Fleischmann"
"886","Tennessee","47","3","03","4703","R+19",0,"Meg Gorman"
"887","Tennessee","47","3","03","4703","R+19",0,"Thomas Rumba"
"888","Tennessee","47","3","03","4703","R+19",0,"Rick Tyler"
"889","Tennessee","47","4","04","4704","R+22",0,"Clyde Benson"
"890","Tennessee","47","4","04","4704","R+22",0,"Tharon Chandler"
"891","Tennessee","47","4","04","4704","R+22",1,"Scott DesJarlais"
"892","Tennessee","47","4","04","4704","R+22",0,"David Jones"
"893","Tennessee","47","4","04","4704","R+22",0,"Joseph Mayger"
"894","Tennessee","47","4","04","4704","R+22",0,"Wayne Steele"
"895","Tennessee","47","4","04","4704","R+22",0,"Mike Winton"
"896","Tennessee","47","5","05","4705","R+9",0,"Derrick Brantley"
"897","Tennessee","47","5","05","4705","R+9",0,"Heidi Campbell"
"898","Tennessee","47","5","05","4705","R+9",0,"Daniel Cooper"
"899","Tennessee","47","5","05","4705","R+9",0,"Andy Ogles"
"900","Tennessee","47","5","05","4705","R+9",0,"Rick Shannon"
"901","Tennessee","47","6","06","4706","R+17",0,"Randal Cooper"
"902","Tennessee","47","6","06","4706","R+17",1,"John Rose"
"903","Tennessee","47","7","07","4707","R+10",1,"Mark E. Green"
"904","Tennessee","47","7","07","4707","R+10",0,"Steven Hooper"
"905","Tennessee","47","7","07","4707","R+10",0,"Odessa Kelly"
"906","Tennessee","47","8","08","4708","R+21",0,"James Hart"
"907","Tennessee","47","8","08","4708","R+21",0,"Ronnie Henley"
"908","Tennessee","47","8","08","4708","R+21",1,"David Kustoff"
"909","Tennessee","47","8","08","4708","R+21",0,"Lynnette Williams"
"910","Tennessee","47","9","09","4709","D+22",0,"Charlotte Bergmann"
"911","Tennessee","47","9","09","4709","D+22",0,"Dennis Clark"
"912","Tennessee","47","9","09","4709","D+22",1,"Steve Cohen"
"913","Tennessee","47","9","09","4709","D+22",0,"Paul Cook"
"914","Tennessee","47","9","09","4709","D+22",0,"George Flinn"
"915","Texas","48","1","01","4801","R+26",0,"Jrmar Jefferson"
"916","Texas","48","1","01","4801","R+26",0,"Nathaniel Moran"
"917","Texas","48","2","02","4802","R+15",1,"Dan Crenshaw"
"918","Texas","48","2","02","4802","R+15",0,"Robin Fulford"
"919","Texas","48","3","03","4803","R+11",0,"Christopher Claytor"
"920","Texas","48","3","03","4803","R+11",0,"Keith Self"
"921","Texas","48","3","03","4803","R+11",0,"Sandeep Srivastava"
"922","Texas","48","4","04","4804","R+16",1,"Pat Fallon"
"923","Texas","48","4","04","4804","R+16",0,"Iro Omere"
"924","Texas","48","4","04","4804","R+16",0,"John Simmons"
"925","Texas","48","5","05","4805","R+14",1,"Lance Gooden"
"926","Texas","48","5","05","4805","R+14",0,"Kevin Hale"
"927","Texas","48","5","05","4805","R+14",0,"Tartisha Hill"
"928","Texas","48","6","06","4806","R+15",1,"Jake Ellzey"
"929","Texas","48","7","07","4807","D+13",1,"Lizzie Fletcher"
"930","Texas","48","7","07","4807","D+13",0,"Johnny Teague"
"931","Texas","48","8","08","4808","R+16",0,"Roy Eriksen"
"932","Texas","48","8","08","4808","R+16",0,"Laura Jones"
"933","Texas","48","8","08","4808","R+16",0,"Morgan Luttrell"
"934","Texas","48","9","09","4809","D+26",1,"Al Green"
"935","Texas","48","9","09","4809","D+26",0,"Jimmy Leon"
"936","Texas","48","10","10","4810","R+13",0,"Bill Kelsey"
"937","Texas","48","10","10","4810","R+13",1,"Michael McCaul"
"938","Texas","48","10","10","4810","R+13",0,"Linda Nuno"
"939","Texas","48","11","11","4811","R+23",1,"August Pfluger"
"940","Texas","48","12","12","4812","R+12",1,"Kay Granger"
"941","Texas","48","12","12","4812","R+12",0,"Trey Hunt"
"942","Texas","48","13","13","4813","R+26",0,"Kathleen Brown"
"943","Texas","48","13","13","4813","R+26",1,"Ronny Jackson"
"944","Texas","48","14","14","4814","R+17",1,"Randy Weber"
"945","Texas","48","14","14","4814","R+17",0,"Mikal Williams"
"946","Texas","48","15","15","4815","R+1",0,"Monica De La Cruz"
"947","Texas","48","15","15","4815","R+1",0,"Ross Leone"
"948","Texas","48","15","15","4815","R+1",0,"Michelle Vallejo"
"949","Texas","48","16","16","4816","D+17",0,"Irene Armendariz-Jackson"
"950","Texas","48","16","16","4816","D+17",1,"Veronica Escobar"
"951","Texas","48","17","17","4817","R+14",1,"Pete Sessions"
"952","Texas","48","17","17","4817","R+14",0,"Mary Jo Woods"
"953","Texas","48","18","18","4818","D+23",0,"Vince Duncan"
"954","Texas","48","18","18","4818","D+23",1,"Sheila Jackson Lee"
"955","Texas","48","18","18","4818","D+23",0,"Phil Kurtz"
"956","Texas","48","18","18","4818","D+23",0,"Carmen Maria Montiel"
"957","Texas","48","19","19","4819","R+26",1,"Jodey Arrington"
"958","Texas","48","19","19","4819","R+26",0,"Nathan Lewis"
"959","Texas","48","20","20","4820","D+15",1,"Joaquin Castro"
"960","Texas","48","20","20","4820","D+15",0,"Kyle Sinclair"
"961","Texas","48","21","21","4821","R+13",1,"Chip Roy"
"962","Texas","48","21","21","4821","R+13",0,"Claudia Zapata"
"963","Texas","48","22","22","4822","R+11",0,"Jamie Jordan"
"964","Texas","48","22","22","4822","R+11",0,"Joseph LeBlanc"
"965","Texas","48","22","22","4822","R+11",1,"Troy Nehls"
"966","Texas","48","23","23","4823","R+5",1,"Tony Gonzales"
"967","Texas","48","23","23","4823","R+5",0,"John Lira"
"968","Texas","48","23","23","4823","R+5",0,"Frank Lopez Jr."
"969","Texas","48","24","24","4824","R+10",0,"Jan McDowell"
"970","Texas","48","24","24","4824","R+10",1,"Beth Van Duyne"
"971","Texas","48","25","25","4825","R+19",1,"Roger Williams"
"972","Texas","48","26","26","4826","R+13",0,"Michael Burgess"
"973","Texas","48","26","26","4826","R+13",0,"Mike Kolls"
"974","Texas","48","27","27","4827","R+13",1,"Michael Cloud"
"975","Texas","48","27","27","4827","R+13",0,"Maclovio Perez Jr."
"976","Texas","48","28","28","4828","D+3",1,"Henry Cuellar"
"977","Texas","48","28","28","4828","D+3",0,"Cassy Garcia"
"978","Texas","48","29","29","4829","D+18",1,"Sylvia Garcia"
"979","Texas","48","29","29","4829","D+18",0,"Robert Schafranek"
"980","Texas","48","30","30","4830","D+27",0,"Jasmine Crockett"
"981","Texas","48","30","30","4830","D+27",0,"Phil Gray"
"982","Texas","48","30","30","4830","D+27",0,"Zachariah Manning"
"983","Texas","48","30","30","4830","D+27",0,"James Rodgers"
"984","Texas","48","31","31","4831","R+14",1,"John Carter"
"985","Texas","48","32","32","4832","D+14",1,"Colin Allred"
"986","Texas","48","32","32","4832","D+14",0,"Antonio Swad"
"987","Texas","48","33","33","4833","D+24",0,"Ken Ashby"
"988","Texas","48","33","33","4833","D+24",0,"Patrick Gillespie"
"989","Texas","48","33","33","4833","D+24",1,"Marc Veasey"
"990","Texas","48","34","34","4834","D+9",1,"Mayra Flores"
"991","Texas","48","34","34","4834","D+9",0,"Vicente Gonzalez"
"992","Texas","48","34","34","4834","D+9",0,"Chris Royal"
"993","Texas","48","34","34","4834","D+9",0,"Mayra Flores"
"994","Texas","48","34","34","4834","D+9",0,"Vicente Gonzalez"
"995","Texas","48","34","34","4834","D+9",0,"Chris Royal"
"996","Texas","48","35","35","4835","D+21",0,"Greg Casar"
"997","Texas","48","35","35","4835","D+21",0,"Dan McQueen"
"998","Texas","48","36","36","4836","R+18",1,"Brian Babin"
"999","Texas","48","36","36","4836","R+18",0,"Jon Haire"
"1000","Texas","48","37","37","4837","D+24",0,"Lloyd Doggett"
"1001","Texas","48","37","37","4837","D+24",0,"Clark Patterson"
"1002","Texas","48","37","37","4837","D+24",0,"Jenny Sharon"
"1003","Texas","48","38","38","4838","R+12",0,"Joel DeJean"
"1004","Texas","48","38","38","4838","R+12",0,"Wesley Hunt"
"1005","Texas","48","38","38","4838","R+12",0,"Duncan Klussmann"
"1006","Utah","49","1","01","4901","R+12",0,"Rick Jones"
"1007","Utah","49","1","01","4901","R+12",1,"Blake Moore"
"1008","Utah","49","2","02","4902","R+11",0,"Cassie Easley"
"1009","Utah","49","2","02","4902","R+11",0,"Jay McFarland"
"1010","Utah","49","2","02","4902","R+11",0,"Nick Mitchell"
"1011","Utah","49","2","02","4902","R+11",1,"Chris Stewart"
"1012","Utah","49","3","03","4903","R+13",0,"Daniel Cummings"
"1013","Utah","49","3","03","4903","R+13",1,"John Curtis"
"1014","Utah","49","3","03","4903","R+13",0,"Aaron Heineman"
"1015","Utah","49","3","03","4903","R+13",0,"Michael Stoddard"
"1016","Utah","49","3","03","4903","R+13",0,"Glenn Wright"
"1017","Utah","49","4","04","4904","R+16",0,"Darlene McDonald"
"1018","Utah","49","4","04","4904","R+16",1,"Burgess Owens"
"1019","Utah","49","4","04","4904","R+16",0,"January Walker"
"1020","Vermont","50","AL","AL","50AL","D+16",0,"Becca Balint"
"1021","Vermont","50","AL","AL","50AL","D+16",0,"Matt Druzba"
"1022","Vermont","50","AL","AL","50AL","D+16",0,"Liam Madden"
"1023","Vermont","50","AL","AL","50AL","D+16",0,"e"
"1024","Vermont","50","AL","AL","50AL","D+16",0,"Adam Ortiz"
"1025","Vermont","50","AL","AL","50AL","D+16",0,"Ericka Redic"
"1026","Vermont","50","AL","AL","50AL","D+16",0,"Luke Talbot"
"1027","Virginia","51","1","01","5101","R+6",0,"David Foster"
"1028","Virginia","51","1","01","5101","R+6",0,"Herbert Jones Jr."
"1029","Virginia","51","1","01","5101","R+6",1,"Rob Wittman"
"1030","Virginia","51","2","02","5102","R+2",0,"Jen Kiggans"
"1031","Virginia","51","2","02","5102","R+2",1,"Elaine Luria"
"1032","Virginia","51","3","03","5103","D+17",0,"Terry Namkung"
"1033","Virginia","51","3","03","5103","D+17",1,"Bobby Scott"
"1034","Virginia","51","4","04","5104","D+16",0,"Leon Benjamin"
"1035","Virginia","51","4","04","5104","D+16",1,"Donald McEachin"
"1036","Virginia","51","5","05","5105","R+7",1,"Bob Good"
"1037","Virginia","51","5","05","5105","R+7",0,"Joshua Throneburg"
"1038","Virginia","51","6","06","5106","R+14",1,"Ben Cline"
"1039","Virginia","51","6","06","5106","R+14",0,"Jennifer Lewis"
"1040","Virginia","51","7","07","5107","D+1",1,"Abigail Spanberger"
"1041","Virginia","51","7","07","5107","D+1",0,"Yesli Vega"
"1042","Virginia","51","8","08","5108","D+26",1,"Don Beyer"
"1043","Virginia","51","8","08","5108","D+26",0,"Teddy Fikre"
"1044","Virginia","51","8","08","5108","D+26",0,"Karina Lipsman"
"1045","Virginia","51","9","09","5109","R+23",0,"Taysha DeVaughan"
"1046","Virginia","51","9","09","5109","R+23",1,"Morgan Griffith"
"1047","Virginia","51","10","10","5110","D+6",0,"Hung Cao"
"1048","Virginia","51","10","10","5110","D+6",1,"Jennifer Wexton"
"1049","Virginia","51","11","11","5111","D+18",1,"Gerry Connolly"
"1050","Virginia","51","11","11","5111","D+18",0,"James Myles"
"1051","Washington","53","1","01","5301","D+13",0,"Vincent Cavaleri"
"1052","Washington","53","1","01","5301","D+13",1,"Suzan DelBene"
"1053","Washington","53","2","02","5302","D+9",1,"Rick Larsen"
"1054","Washington","53","2","02","5302","D+9",0,"Dan Matthews"
"1055","Washington","53","3","03","5303","R+5",0,"Joe Kent"
"1056","Washington","53","3","03","5303","R+5",0,"Marie Perez"
"1057","Washington","53","4","04","5304","R+11",1,"Dan Newhouse"
"1058","Washington","53","4","04","5304","R+11",0,"Doug White"
"1059","Washington","53","5","05","5305","R+8",0,"Natasha Hill"
"1060","Washington","53","5","05","5305","R+8",1,"Cathy McMorris Rodgers"
"1061","Washington","53","6","06","5306","D+6",1,"Derek Kilmer"
"1062","Washington","53","6","06","5306","D+6",0,"Elizabeth Kreiselmaier"
"1063","Washington","53","7","07","5307","D+36",1,"Pramila Jayapal"
"1064","Washington","53","7","07","5307","D+36",0,"Cliff Moon"
"1065","Washington","53","8","08","5308","D+1",0,"Matt Larkin"
"1066","Washington","53","8","08","5308","D+1",1,"Kim Schrier"
"1067","Washington","53","9","09","5309","D+21",0,"Doug Basler"
"1068","Washington","53","9","09","5309","D+21",1,"Adam Smith"
"1069","Washington","53","10","10","5310","D+7",1,"Marilyn Strickland"
"1070","Washington","53","10","10","5310","D+7",0,"Keith Swank"
"1071","West Virginia","54","1","01","5401","R+23",0,"Belinda Fox-Spencer"
"1072","West Virginia","54","1","01","5401","R+23",0,"Carol Miller"
"1073","West Virginia","54","1","01","5401","R+23",0,"Lacy Watson"
"1074","West Virginia","54","2","02","5402","R+22",1,"Alex Mooney"
"1075","West Virginia","54","2","02","5402","R+22",0,"Barry Lee Wendell"
"1076","West Virginia","54","2","02","5402","R+22",0,"Alex Mooney"
"1077","West Virginia","54","2","02","5402","R+22",0,"Barry Lee Wendell"
"1078","Wisconsin","55","1","01","5501","R+3",0,"Charles Barman"
"1079","Wisconsin","55","1","01","5501","R+3",0,"Ann Roe"
"1080","Wisconsin","55","1","01","5501","R+3",1,"Bryan Steil"
"1081","Wisconsin","55","2","02","5502","D+19",0,"Douglas Alexander"
"1082","Wisconsin","55","2","02","5502","D+19",0,"Erik Olsen"
"1083","Wisconsin","55","2","02","5502","D+19",1,"Mark Pocan"
"1084","Wisconsin","55","3","03","5503","R+4",0,"Brad Pfaff"
"1085","Wisconsin","55","3","03","5503","R+4",0,"Derrick Van Orden"
"1086","Wisconsin","55","4","04","5504","D+25",1,"Gwen Moore"
"1087","Wisconsin","55","4","04","5504","D+25",0,"Robert Raymond"
"1088","Wisconsin","55","4","04","5504","D+25",0,"Tim Rogers"
"1089","Wisconsin","55","5","05","5505","R+14",1,"Scott L. Fitzgerald"
"1090","Wisconsin","55","5","05","5505","R+14",0,"Mike Van Someren"
"1091","Wisconsin","55","6","06","5506","R+10",1,"Glenn Grothman"
"1092","Wisconsin","55","7","07","5507","R+12",0,"Richard Ausman"
"1093","Wisconsin","55","7","07","5507","R+12",1,"Tom Tiffany"
"1094","Wisconsin","55","8","08","5508","R+10",0,"Paul Boucher"
"1095","Wisconsin","55","8","08","5508","R+10",1,"Mike Gallagher"
"1096","Wisconsin","55","8","08","5508","R+10",0,"Jacob VandenPlas"
"1097","Wyoming","56","AL","AL","56AL","R+25",0,"Richard Brubaker"
"1098","Wyoming","56","AL","AL","56AL","R+25",0,"Lynnette Grey Bull"
"1099","Wyoming","56","AL","AL","56AL","R+25",0,"Harriet Hageman"
"1100","Wyoming","56","AL","AL","56AL","R+25",0,"Marissa Selvig"
